{
  "user_stats": {
    "user_id": "demo_user",
    "template_stats": {
      "total_updates": 5,
      "avg_confidence": 0.9022884630217808,
      "recent_updates": 5,
      "creation_time": "2025-06-25T23:12:25.709066",
      "last_update": "2025-06-25T23:12:26.572308"
    },
    "bank_stats": {
      "template_count": 5,
      "consensus_available": true
    },
    "system_stats": {
      "total_attempts": 5,
      "successful_biometric": 5,
      "successful_passcode": 0,
      "failed_attempts": 0,
      "template_updates": 5
    }
  },
  "system_stats": {
    "total_attempts": 5,
    "successful_biometric": 5,
    "successful_passcode": 0,
    "failed_attempts": 0,
    "template_updates": 5
  },
  "enrollment_result": {
    "success": true,
    "enrollment_samples": 5,
    "initial_template_norm": 0.9999999999999999
  }
}