{
  "config": {
    "euclidean_threshold": 1.5,
    "cosine_threshold": 0.05,
    "ks_alpha": 0.01,
    "mmd_threshold": 0.05,
    "classifier_auc_threshold": 0.7
  },
  "dataset_info": {
    "reference_size": 250,
    "target_size": 250,
    "embedding_dimension": 512
  },
  "results": {
    "euclidean": {
      "drift_detected": true,
      "score": 4.90135221293793,
      "threshold": 1.5,
      "p_value": null,
      "additional_info": {
        "reference_centroid_norm": 6.478495983469382,
        "target_centroid_norm": 5.402722253779081
      }
    },
    "cosine": {
      "drift_detected": true,
      "score": 0.3266425007044924,
      "threshold": 0.05,
      "p_value": null,
      "additional_info": {}
    },
    "ks": {
      "drift_detected": true,
      "score": 2.498815335482631e-10,
      "threshold": 1.953125e-05,
      "p_value": 2.498815335482631e-10,
      "additional_info": {
        "n_dimensions_tested": 512,
        "bonferroni_correction": true,
        "mean_p_value": 0.18042169013761272
      }
    },
    "mmd": {
      "drift_detected": false,
      "score": 0.008192017384712081,
      "threshold": 0.05,
      "p_value": null,
      "additional_info": {
        "pca_components": 30
      }
    },
    "domain_classifier": {
      "drift_detected": true,
      "score": 0.9295111111111112,
      "threshold": 0.7,
      "p_value": null,
      "additional_info": {
        "cv_mean_auc": 0.37044,
        "cv_std_auc": 0.07932277352690083,
        "feature_importances": [
          0.0023314923394597174,
          0.0003266785678181835,
          0.001816167390171689,
          0.007878248507244199,
          0.0011122610695713526,
          0.000887833128431465,
          0.003149320335927802,
          0.00045096649124347354,
          0.0005838538941624134,
          0.0034887556385960763
        ]
      }
    }
  },
  "combined_decision": true
}