{
  "basic_experiment": {
    "euclidean": {
      "drift_detected": true,
      "score": 13.347370537499806,
      "threshold": 1.5
    },
    "cosine": {
      "drift_detected": "True",
      "score": 0.5196994380230935,
      "threshold": 0.05
    },
    "ks": {
      "drift_detected": "True",
      "score": 1.9381285075999106e-11,
      "threshold": 1.953125e-05
    },
    "mmd": {
      "drift_detected": "True",
      "score": 0.08640000000002088,
      "threshold": 0.05
    },
    "domain_classifier": {
      "drift_detected": "True",
      "score": 1.0,
      "threshold": 0.7
    }
  },
  "frontal_vs_profile": {
    "euclidean": {
      "drift_detected": true,
      "score": 12.94735071310264,
      "threshold": 1.0
    },
    "cosine": {
      "drift_detected": "True",
      "score": 0.5595148454422655,
      "threshold": 0.02
    },
    "ks": {
      "drift_detected": "True",
      "score": 2.514140300058604e-07,
      "threshold": 9.765625e-05
    },
    "mmd": {
      "drift_detected": "True",
      "score": 0.07999999999999927,
      "threshold": 0.02
    },
    "domain_classifier": {
      "drift_detected": "True",
      "score": 0.9821428571428571,
      "threshold": 0.6
    }
  },
  "parameter_sensitivity": {
    "Conservative": {
      "euclidean": "DriftDetectionResult(method='Euclidean Distance', drift_detected=True, score=21.57920417060947, threshold=2.0, p_value=None, additional_info={'reference_centroid_norm': 16.38922470829825, 'target_centroid_norm': 13.782216675158512})",
      "cosine": "DriftDetectionResult(method='Cosine Distance', drift_detected=True, score=1.0157293130406382, threshold=0.05, p_value=None, additional_info=None)",
      "ks": "DriftDetectionResult(method='Kolmogorov-Smirnov', drift_detected=True, score=1.2893450075787698e-08, threshold=1.953125e-06, p_value=1.2893450075787698e-08, additional_info={'n_dimensions_tested': 512, 'bonferroni_correction': True, 'mean_p_value': 0.18076267012041097})",
      "mmd": "DriftDetectionResult(method='Maximum Mean Discrepancy', drift_detected=True, score=0.1333333333333337, threshold=0.05, p_value=None, additional_info={'pca_components': 15})",
      "domain_classifier": "DriftDetectionResult(method='Domain Classifier', drift_detected=True, score=1.0, threshold=0.8, p_value=None, additional_info={'cv_mean_auc': 1.0, 'cv_std_auc': 0.0, 'feature_importances': [0.0, 0.0, 0.0, 0.0, 0.05000000000000001, 0.010000000000000002, 0.0, 0.001794871794871795, 0.0, 0.0]})"
    },
    "Moderate": {
      "euclidean": "DriftDetectionResult(method='Euclidean Distance', drift_detected=True, score=21.57920417060947, threshold=1.5, p_value=None, additional_info={'reference_centroid_norm': 16.38922470829825, 'target_centroid_norm': 13.782216675158512})",
      "cosine": "DriftDetectionResult(method='Cosine Distance', drift_detected=True, score=1.0157293130406382, threshold=0.05, p_value=None, additional_info=None)",
      "ks": "DriftDetectionResult(method='Kolmogorov-Smirnov', drift_detected=True, score=1.2893450075787698e-08, threshold=1.953125e-05, p_value=1.2893450075787698e-08, additional_info={'n_dimensions_tested': 512, 'bonferroni_correction': True, 'mean_p_value': 0.18076267012041097})",
      "mmd": "DriftDetectionResult(method='Maximum Mean Discrepancy', drift_detected=True, score=0.1333333333333337, threshold=0.05, p_value=None, additional_info={'pca_components': 15})",
      "domain_classifier": "DriftDetectionResult(method='Domain Classifier', drift_detected=True, score=1.0, threshold=0.7, p_value=None, additional_info={'cv_mean_auc': 1.0, 'cv_std_auc': 0.0, 'feature_importances': [0.0, 0.0, 0.0, 0.0, 0.05000000000000001, 0.010000000000000002, 0.0, 0.001794871794871795, 0.0, 0.0]})"
    },
    "Sensitive": {
      "euclidean": "DriftDetectionResult(method='Euclidean Distance', drift_detected=True, score=21.57920417060947, threshold=1.0, p_value=None, additional_info={'reference_centroid_norm': 16.38922470829825, 'target_centroid_norm': 13.782216675158512})",
      "cosine": "DriftDetectionResult(method='Cosine Distance', drift_detected=True, score=1.0157293130406382, threshold=0.05, p_value=None, additional_info=None)",
      "ks": "DriftDetectionResult(method='Kolmogorov-Smirnov', drift_detected=True, score=1.2893450075787698e-08, threshold=9.765625e-05, p_value=1.2893450075787698e-08, additional_info={'n_dimensions_tested': 512, 'bonferroni_correction': True, 'mean_p_value': 0.18076267012041097})",
      "mmd": "DriftDetectionResult(method='Maximum Mean Discrepancy', drift_detected=True, score=0.1333333333333337, threshold=0.05, p_value=None, additional_info={'pca_components': 15})",
      "domain_classifier": "DriftDetectionResult(method='Domain Classifier', drift_detected=True, score=1.0, threshold=0.6, p_value=None, additional_info={'cv_mean_auc': 1.0, 'cv_std_auc': 0.0, 'feature_importances': [0.0, 0.0, 0.0, 0.0, 0.05000000000000001, 0.010000000000000002, 0.0, 0.001794871794871795, 0.0, 0.0]})"
    }
  },
  "artificial_drift": {
    "noise_0.0": {
      "euclidean": "DriftDetectionResult(method='Euclidean Distance', drift_detected=True, score=19.296218180058528, threshold=1.5, p_value=None, additional_info={'reference_centroid_norm': 16.38922470829825, 'target_centroid_norm': 17.50084011205313})",
      "cosine": "DriftDetectionResult(method='Cosine Distance', drift_detected=True, score=0.6469242342012624, threshold=0.05, p_value=None, additional_info=None)",
      "ks": "DriftDetectionResult(method='Kolmogorov-Smirnov', drift_detected=True, score=3.8680350227363097e-07, threshold=1.953125e-05, p_value=3.8680350227363097e-07, additional_info={'n_dimensions_tested': 512, 'bonferroni_correction': True, 'mean_p_value': 0.21698431076039962})",
      "mmd": "DriftDetectionResult(method='Maximum Mean Discrepancy', drift_detected=True, score=0.13333337382644034, threshold=0.05, p_value=None, additional_info={'pca_components': 15})",
      "domain_classifier": "DriftDetectionResult(method='Domain Classifier', drift_detected=True, score=0.95, threshold=0.7, p_value=None, additional_info={'cv_mean_auc': 1.0, 'cv_std_auc': 0.0, 'feature_importances': [0.0, 0.0, 0.001735537190082645, 0.0, 0.01, 0.018264462809917354, 0.0, 0.0, 0.0, 0.0]})"
    },
    "noise_0.1": {
      "euclidean": "DriftDetectionResult(method='Euclidean Distance', drift_detected=True, score=19.30434470082617, threshold=1.5, p_value=None, additional_info={'reference_centroid_norm': 16.38922470829825, 'target_centroid_norm': 17.499138200150146})",
      "cosine": "DriftDetectionResult(method='Cosine Distance', drift_detected=True, score=0.6475406250269821, threshold=0.05, p_value=None, additional_info=None)",
      "ks": "DriftDetectionResult(method='Kolmogorov-Smirnov', drift_detected=True, score=3.8680350227363097e-07, threshold=1.953125e-05, p_value=3.8680350227363097e-07, additional_info={'n_dimensions_tested': 512, 'bonferroni_correction': True, 'mean_p_value': 0.2166648442077175})",
      "mmd": "DriftDetectionResult(method='Maximum Mean Discrepancy', drift_detected=True, score=0.1333333749570641, threshold=0.05, p_value=None, additional_info={'pca_components': 15})",
      "domain_classifier": "DriftDetectionResult(method='Domain Classifier', drift_detected=True, score=0.95, threshold=0.7, p_value=None, additional_info={'cv_mean_auc': 0.9777777777777779, 'cv_std_auc': 0.04444444444444442, 'feature_importances': [0.0, 0.0, 0.0, 0.0, 0.02, 0.018264462809917354, 0.0, 0.0031818181818181824, 0.0, 0.0]})"
    },
    "noise_0.2": {
      "euclidean": "DriftDetectionResult(method='Euclidean Distance', drift_detected=True, score=19.3860845943243, threshold=1.5, p_value=None, additional_info={'reference_centroid_norm': 16.38922470829825, 'target_centroid_norm': 17.59331599181478})",
      "cosine": "DriftDetectionResult(method='Cosine Distance', drift_detected=True, score=0.6491804631778211, threshold=0.05, p_value=None, additional_info=None)",
      "ks": "DriftDetectionResult(method='Kolmogorov-Smirnov', drift_detected=True, score=3.8680350227363097e-07, threshold=1.953125e-05, p_value=3.8680350227363097e-07, additional_info={'n_dimensions_tested': 512, 'bonferroni_correction': True, 'mean_p_value': 0.21250039181482372})",
      "mmd": "DriftDetectionResult(method='Maximum Mean Discrepancy', drift_detected=True, score=0.13333335470805635, threshold=0.05, p_value=None, additional_info={'pca_components': 15})",
      "domain_classifier": "DriftDetectionResult(method='Domain Classifier', drift_detected=True, score=0.9500000000000001, threshold=0.7, p_value=None, additional_info={'cv_mean_auc': 1.0, 'cv_std_auc': 0.0, 'feature_importances': [0.0, 0.0, 0.0, 0.0, 0.01, 0.0, 0.0, 0.0, 0.0, 0.0]})"
    },
    "noise_0.5": {
      "euclidean": "DriftDetectionResult(method='Euclidean Distance', drift_detected=True, score=19.469902839176296, threshold=1.5, p_value=None, additional_info={'reference_centroid_norm': 16.38922470829825, 'target_centroid_norm': 17.65443944700968})",
      "cosine": "DriftDetectionResult(method='Cosine Distance', drift_detected=True, score=0.6523000425639023, threshold=0.05, p_value=None, additional_info=None)",
      "ks": "DriftDetectionResult(method='Kolmogorov-Smirnov', drift_detected=True, score=5.608650782967649e-06, threshold=1.953125e-05, p_value=5.608650782967649e-06, additional_info={'n_dimensions_tested': 512, 'bonferroni_correction': True, 'mean_p_value': 0.22263554984291106})",
      "mmd": "DriftDetectionResult(method='Maximum Mean Discrepancy', drift_detected=True, score=0.13333338093796554, threshold=0.05, p_value=None, additional_info={'pca_components': 15})",
      "domain_classifier": "DriftDetectionResult(method='Domain Classifier', drift_detected=True, score=0.9750000000000001, threshold=0.7, p_value=None, additional_info={'cv_mean_auc': 0.9777777777777779, 'cv_std_auc': 0.04444444444444442, 'feature_importances': [0.0017181818181818188, 0.0, 0.0, 0.0, 0.04, 0.0, 0.0, 0.0, 0.0017500000000000003, 0.0]})"
    }
  }
}